original_idx,predicted_class,probability_default,samples_used,final_r2,convergence_reason,execution_time_sec,used_slm,top_features,arbiter_responses_json,slm_explanation
30745,Adimplente,0.004519,6400,0.077163,max_samples_reached,0.281,True,person_home_ownership=2: -0.2582; loan_grade=1: -0.0937; loan_intent=1: -0.0657; 10.99 < loan_int_rate <= 13.48: 0.0387; loan_percent_income <= 0.09: -0.0326,,"Olá, você foi avaliado como adimplente pelo nosso sistema, o que significa que temos confiança em sua capacidade de honrar suas obrigações financeiras. Isso é uma ótima notícia! No entanto, alguns fatores específicos influenciaram essa decisão. A sua moradia atual, por exemplo, pode ter um impacto negativo, pois moradias mais instáveis geralmente indicam um maior risco de inadimplência. Além disso, a finalidade do seu empréstimo e a classificação do seu empréstimo anterior também contribuíram para essa decisão. Mas não se preocupe, a taxa de juros favorável e a proporção do empréstimo em relação à sua renda ajudaram a equilibrar esses fatores, tornando a sua situação financeira mais estável."
25507,Adimplente,0.000662,6400,0.154711,max_samples_reached,0.3099,True,person_home_ownership=2: -0.2534; person_income > 80000.00: -0.1546; loan_intent=5: -0.1263; loan_amnt > 12250.00: 0.1108; 0.15 < loan_percent_income <= 0.23: -0.1031,,"A sua decisão de crédito foi avaliada como adimplente, o que é ótimo! No entanto, é importante considerar alguns fatores que influenciaram essa decisão. O tipo de moradia que você possui tende a prejudicar a adimplência, assim como a finalidade do empréstimo e a proporção do empréstimo em relação à sua renda. Além disso, a sua renda também contribui para um pouco de incerteza. No entanto, o valor do empréstimo que você está solicitando tende a favorecer a adimplência. Com esses fatores em consideração, a probabilidade de você manter uma boa relação com o banco é de 99,9%, o que é muito alto. Continue assim e continue a nos surpreender com sua responsabilidade!"
31424,Adimplente,0.000752,6400,0.114254,max_samples_reached,0.3191,True,person_income > 80000.00: -0.1689; person_home_ownership=0: -0.1152; loan_grade=0: -0.0965; loan_int_rate <= 7.90: -0.0775; loan_intent=1: -0.0616,,"Olá! O sistema avaliou sua situação financeira e decidiu que você é adimplente. Isso significa que temos uma probabilidade muito alta de que você pagará suas dívidas em tempo. No entanto, alguns fatores como sua renda, tipo de moradia, classificação do empréstimo, taxa de juros e finalidade do empréstimo contribuíram um pouco para essa decisão, indicando que eles poderiam influenciar em potenciais dificuldades de pagamento. Mas não se preocupe, esses fatores são moderados e levemente negativos, e não alteram significativamente a sua classificação de adimplência. Continue gerenciando bem suas finanças e mantenha-se atento a esses aspectos para manter sua classificação ainda melhor."
27780,Adimplente,0.001449,6400,0.144248,max_samples_reached,0.339,True,person_income > 80000.00: -0.1698; loan_intent=5: -0.1361; person_home_ownership=0: -0.1262; loan_amnt > 12250.00: 0.0986; loan_grade=1: -0.0881,,"Olá! O sistema analisou sua situação e decidiu que você é adimplente. Isso significa que a probabilidade de você não pagar suas dívidas é muito baixa, apenas 0,1%. No entanto, alguns fatores como sua renda, a finalidade do empréstimo e o tipo de moradia podem estar influenciando um pouco negativamente. Mas felizmente, o valor do empréstimo que você está solicitando e sua classificação de crédito estão ajudando positivamente. Com esses pontos em consideração, o sistema acredita que você tem uma boa chance de manter sua adimplência. Continue assim e mantenha seu bom comportamento financeiro!"
21511,Adimplente,0.093852,3200,0.146194,semantic_converged,5.0238,True,person_home_ownership=3: 0.1855; person_income <= 39300.00: 0.1572; 0.15 < loan_percent_income <= 0.23: -0.0985; 5000.00 < loan_amnt <= 8000.00: -0.0571; person_emp_length <= 2.00: 0.0464,"[{""samples"": 3200, ""reason"": ""As top-3 features são as mesmas e têm sinais iguais nas duas explicações"", ""raw_response"": ""{\""converged\"": true, \""reason\"": \""As top-3 features são as mesmas e têm sinais iguais nas duas explicações\"", \""top_features_match\"": true, \""direction_match\"": true, \""confidence\"": 0.85}"", ""confidence"": 0.85}]","Olá, você foi avaliado como adimplente pelo nosso sistema, o que significa que temos confiança em sua capacidade de honrar suas obrigações financeiras. Isso é uma boa notícia! Alguns fatores que contribuíram para essa decisão positiva incluem o tipo de moradia que você possui, que parece favorável à sua situação financeira, e sua renda, que também tem um efeito positivo. No entanto, o valor do empréstimo que você solicitou e a proporção em relação à sua renda são considerados levemente desafiadores, mas ainda assim, o tempo de emprego que você tem tem um efeito positivo, ajudando a equilibrar essas considerações. Com esses pontos em mente, estamos confiantes que você poderá gerenciar bem suas obrigações financeiras."
16415,Adimplente,0.075458,6400,0.137753,max_samples_reached,0.3093,True,person_income > 80000.00: -0.1690; person_home_ownership=0: -0.1138; 0.15 < loan_percent_income <= 0.23: -0.1028; loan_amnt > 12250.00: 0.0992; loan_grade=0: -0.0926,,"Olá! O sistema analisou sua situação e decidiu que você é adimplente, com uma probabilidade de 92,5% de manter suas parcelas em dia. Entretanto, alguns fatores contribuíram para uma decisão um pouco mais cautelosa. Sua renda, tipo de moradia e a proporção do empréstimo em relação à renda foram considerados moderadamente desfavoráveis, o que pode indicar um pouco mais de risco. No entanto, o valor do empréstimo foi considerado um fator positivo, pois é relativamente baixo em comparação com sua renda. Além disso, a classificação do seu empréstimo também foi um fator levemente desfavorável. Apesar disso, o sistema ainda acredita que você tem uma boa chance de manter tudo em dia. Se precisar de ajuda para melhorar essas áreas, estamos aqui para oferecer suporte."
14038,Adimplente,0.000517,3200,0.119949,semantic_converged,4.4541,True,person_income > 80000.00: -0.1579; loan_intent=5: -0.1425; person_home_ownership=0: -0.1030; 0.09 < loan_percent_income <= 0.15: -0.0855; loan_grade=1: -0.0595,"[{""samples"": 3200, ""reason"": ""As top-3 features e os sinais são iguais e a conclusão é equivalente"", ""raw_response"": ""{\""converged\"": true, \""reason\"": \""As top-3 features e os sinais são iguais e a conclusão é equivalente\"", \""top_features_match\"": true, \""direction_match\"": true, \""confidence\"": 0.9}"", ""confidence"": 0.9}]","A sua decisão de crédito foi avaliada como adimplente, o que é ótimo! Isso significa que, com base nas informações que temos, a probabilidade de você ter dificuldades em pagar suas parcelas é muito baixa, apenas 0,1%. No entanto, alguns fatores como a renda, a finalidade do empréstimo e o tipo de moradia, que são considerados moderadamente influentes, podem ter afetado positivamente a sua nota. Além disso, a proporção do empréstimo em relação à sua renda e a classificação do empréstimo também tiveram um leve impacto, mas de forma geral, tudo indicou que você é um bom candidato para receber o empréstimo. Continue assim e mantenha-se atento às suas finanças para manter essa boa classificação!"
13358,Adimplente,0.000363,800,0.144493,semantic_converged,4.5611,True,person_home_ownership=2: -0.2236; loan_intent=2: 0.1777; person_income > 80000.00: -0.1721; 0.09 < loan_percent_income <= 0.15: -0.1009; loan_grade=0: -0.0892,"[{""samples"": 800, ""reason"": ""As top-3 features e os sinais são iguais nas duas explicações, e a conclusão geral é equivalente"", ""raw_response"": ""{\""converged\"": true, \""reason\"": \""As top-3 features e os sinais são iguais nas duas explicações, e a conclusão geral é equivalente\"", \""top_features_match\"": true, \""direction_match\"": true, \""confidence\"": 0.85}"", ""confidence"": 0.85}]","Olá, você foi avaliado como adimplente pelo nosso sistema, o que significa que temos uma confiança alta de que você pagará suas dívidas em tempo. Isso é uma ótima notícia! No entanto, alguns fatores influenciaram nossa decisão. O tipo de moradia que você tem pode ser um desafio para a adimplência, mas a finalidade do seu empréstimo pode ajudar a melhorar essa situação. Além disso, sua renda e a proporção do empréstimo em relação a ela também contribuíram para isso, embora de maneira negativa. Infelizmente, a classificação do seu empréstimo também tenha um leve impacto negativo. Mesmo assim, com esses fatores em consideração, você ainda foi classificado como adimplente, o que mostra que temos confiança em sua capacidade de manter suas finanças em ordem. Continue assim e manteremos uma boa relação financeira!"
15767,Adimplente,0.019577,6400,0.093654,semantic_converged,3.8189,True,person_income > 80000.00: -0.1464; person_home_ownership=0: -0.1066; loan_amnt > 12250.00: 0.0967; loan_grade=1: -0.0780; loan_percent_income <= 0.09: -0.0411,"[{""samples"": 6400, ""reason"": ""As top-3 features, sinais e conclusão são consistentes nas duas explicações."", ""raw_response"": ""{\""converged\"": true, \""reason\"": \""As top-3 features, sinais e conclusão são consistentes nas duas explicações.\"", \""top_features_match\"": true, \""direction_match\"": true, \""confidence\"": 0.9}"", ""confidence"": 0.9}]","Olá! O sistema analisou sua situação financeira e decidiu que você é adimplente. Isso significa que temos confiança em sua capacidade de pagar suas dívidas em tempo. No entanto, alguns fatores como sua renda e o tipo de moradia podem estar influenciando um pouco negativamente. Mas a boa notícia é que o valor do empréstimo que você está solicitando e sua classificação de crédito estão ajudando a melhorar a situação. Além disso, a proporção do empréstimo em relação à sua renda também está contribuindo, mas de forma moderada. Com esses pontos em consideração, a probabilidade de você manter essa adimplência é de 98%. Continue assim, e vamos garantir que essa decisão seja positiva para você!"
13721,Adimplente,0.031425,1600,0.181274,semantic_converged,3.648,True,person_income > 80000.00: -0.1939; person_home_ownership=3: 0.1672; loan_amnt > 12250.00: 0.1147; loan_grade=1: -0.0944; 0.09 < loan_percent_income <= 0.15: -0.0902,"[{""samples"": 1600, ""reason"": ""As top-3 features e os sinais são iguais e a conclusão é equivalente"", ""raw_response"": ""{\""converged\"": true, \""reason\"": \""As top-3 features e os sinais são iguais e a conclusão é equivalente\"", \""top_features_match\"": true, \""direction_match\"": true, \""confidence\"": 0.9}"", ""confidence"": 0.9}]","Olá! O sistema avaliou sua situação financeira e decidiu que você é adimplente. Isso significa que temos confiança de que você pagará suas dívidas em tempo. A probabilidade de você ter problemas para pagar é muito baixa, apenas 3,1%. Isso é ótimo! No entanto, algumas coisas influenciaram essa decisão. Sua renda, embora moderada, pode ser um desafio para manter a adimplência. Mas a natureza do seu imóvel e o valor do empréstimo trabalham a seu favor, tornando a situação mais positiva. Além disso, as dívidas que você já tem parecem ser um pouco maiores em relação à sua renda, o que pode ser um indicador de que você está se esforçando para manter tudo em ordem. Com esses pontos em mente, temos uma visão geral positiva de sua capacidade de pagar suas dívidas. Continue assim e mantenha-se atento às suas finanças para manter essa classificação adimplente."
31360,Adimplente,0.001554,3200,0.136025,semantic_converged,3.6966,True,person_income > 80000.00: -0.1678; loan_intent=5: -0.1510; person_home_ownership=0: -0.1135; loan_grade=1: -0.0938; loan_amnt <= 5000.00: -0.0508,"[{""samples"": 3200, ""reason"": ""As top-3 features e os sinais são iguais e a conclusão é equivalente"", ""raw_response"": ""{\""converged\"": true, \""reason\"": \""As top-3 features e os sinais são iguais e a conclusão é equivalente\"", \""top_features_match\"": true, \""direction_match\"": true, \""confidence\"": 0.85}"", ""confidence"": 0.85}]","Olá, você foi avaliado como adimplente pelo nosso sistema, o que significa que temos confiança em sua capacidade de honrar suas obrigações financeiras. No entanto, alguns fatores como sua renda, a finalidade do empréstimo, o tipo de moradia e o valor do empréstimo podem ter influenciado ligeiramente essa decisão. Apesar disso, a probabilidade de você ter algum atraso no pagamento é muito baixa, com apenas 0,2%. Isso mostra que, mesmo com esses fatores em consideração, você ainda tem uma grande chance de manter uma boa relação com a gente. Continue assim, você está no caminho certo!"
27690,Default,0.929618,6400,0.184662,max_samples_reached,0.3161,True,loan_grade=3: 0.3009; person_income > 80000.00: -0.1685; person_home_ownership=0: -0.1129; loan_int_rate > 13.48: 0.0942; person_emp_length <= 2.00: 0.0374,,"Entendemos que a sua situação financeira foi avaliada e, infelizmente, a decisão foi que você corre um risco alto de inadimplência, com uma probabilidade de 93%. Isso significa que, com base nas informações que o banco analisou, há uma grande chance de você não conseguir honrar suas parcelas no prazo. No entanto, alguns fatores positivos foram considerados: sua classificação de empréstimo é muito boa, o que ajuda a melhorar a sua probabilidade de adimplência. Além disso, sua renda, tipo de moradia e tempo de emprego, embora não tenham sido decisivos, também contribuíram de forma positiva. Infelizmente, a taxa de juros aplicada no seu empréstimo e a sua moradia contribuíram para aumentar o risco. No entanto, é importante lembrar que esta é uma decisão baseada em dados atuais e que a situação pode mudar. Se você precisar de ajuda para melhorar suas condições financeiras, converse com um especialista ou com o próprio banco."
15582,Adimplente,0.027724,3200,0.172467,semantic_converged,3.76,True,person_home_ownership=3: 0.1786; person_income > 80000.00: -0.1617; 0.15 < loan_percent_income <= 0.23: -0.1067; loan_amnt > 12250.00: 0.1050; loan_grade=1: -0.0915,"[{""samples"": 3200, ""reason"": ""As top-3 features, sinais e conclusão geral são iguais nas duas explicações."", ""raw_response"": ""{\""converged\"": true, \""reason\"": \""As top-3 features, sinais e conclusão geral são iguais nas duas explicações.\"", \""top_features_match\"": true, \""direction_match\"": true, \""confidence\"": 0.9}"", ""confidence"": 0.9}]","Olá! O sistema avaliou sua situação financeira e decidiu que você é adimplente, com uma probabilidade de 97,2% de continuar assim. Isso é ótimo! Sua moradia está em um bom nível, o que contribui positivamente para a sua pontuação. No entanto, sua renda e a proporção do empréstimo em relação à sua renda são fatores que podem influenciar negativamente. Mas não se preocupe, o valor do empréstimo em si ajuda a compensar esses aspectos. Além disso, a classificação do seu empréstimo também é um pouco desafiadora, mas não tanto para que cause grandes preocupações. Em resumo, todas essas considerações juntas resultam em uma decisão positiva para você. Continue gerenciando suas finanças com responsabilidade e manterá essa boa avaliação."
25342,Adimplente,0.072886,1600,0.157097,semantic_converged,3.799,True,person_home_ownership=3: 0.1991; person_income <= 39300.00: 0.1164; 0.09 < loan_percent_income <= 0.15: -0.1116; loan_int_rate > 13.48: 0.0786; loan_intent=1: -0.0716,"[{""samples"": 1600, ""reason"": ""As top-3 features e os sinais são iguais e a conclusão geral é equivalente"", ""raw_response"": ""{\""converged\"": true, \""reason\"": \""As top-3 features e os sinais são iguais e a conclusão geral é equivalente\"", \""top_features_match\"": true, \""direction_match\"": true, \""confidence\"": 0.85}"", ""confidence"": 0.85}]","Olá! O sistema analisou sua situação e decidiu que você é adimplente. Isso significa que temos confiança em sua capacidade de pagar as parcelas do empréstimo no prazo. A probabilidade de você ter problemas para pagar é de apenas 7,3%, o que é muito baixo. Isso é uma ótima notícia! No entanto, alguns fatores influenciaram essa decisão. Sua renda e o tipo de moradia contribuíram positivamente, mostrando que você tem condições financeiras estáveis. Por outro lado, o empréstimo representa uma proporção significativa da sua renda, o que pode ser um desafio. Mas a taxa de juros é favorável, o que ajuda a tornar o empréstimo mais acessível. Além disso, a finalidade do empréstimo é um pouco desafiadora, mas acredito que você possa gerenciá-lo com sucesso. Com esses pontos em mente, estamos confiantes em sua capacidade de manter o empréstimo em dia."
30268,Adimplente,0.00658,3200,0.173694,semantic_converged,3.9427,True,person_income <= 39300.00: 0.1727; person_home_ownership=3: 0.1714; loan_intent=5: -0.1421; loan_grade=0: -0.0970; 0.15 < loan_percent_income <= 0.23: -0.0933,"[{""samples"": 3200, ""reason"": ""As top-3 features e os sinais das duas explicações são semelhantes, e a conclusão geral é equivalente"", ""raw_response"": ""{\""converged\"": true, \""reason\"": \""As top-3 features e os sinais das duas explicações são semelhantes, e a conclusão geral é equivalente\"", \""top_features_match\"": true, \""direction_match\"": true, \""confidence\"": 0.85}"", ""confidence"": 0.85}]","Olá! O sistema analisou sua situação e decidiu que você é adimplente. Isso significa que temos confiança em sua capacidade de honrar suas obrigações financeiras. Sua renda e tipo de moradia contribuíram positivamente para essa decisão, mostrando que você tem condições de manter suas finanças em ordem. No entanto, a finalidade do empréstimo e a proporção do empréstimo em relação à sua renda foram consideradas um pouco mais desafiadoras. Apesar disso, esses fatores não foram suficientes para alterar a classificação positiva. Continue gerenciando suas finanças com responsabilidade, e estaremos confiantes em sua adimplência."
22800,Adimplente,0.027454,6400,0.110594,max_samples_reached,0.3398,True,person_home_ownership=3: 0.1798; 0.15 < loan_percent_income <= 0.23: -0.1086; loan_grade=0: -0.0997; loan_intent=4: -0.0461; 5000.00 < loan_amnt <= 8000.00: -0.0431,,"A sua decisão de crédito foi avaliada como adimplente, o que é ótimo! Isso significa que o sistema considera que você tem uma probabilidade alta de pagar suas dívidas a tempo. No entanto, algumas das informações que ajudaram a tomar essa decisão mostraram que você está pedindo um empréstimo que representa uma parte significativa do seu rendimento atual. Além disso, o valor do empréstimo e a finalidade do mesmo também foram considerados, pois podem trazer algum risco. Mas não se preocupe, a sua moradia está em um lugar melhor, o que ajuda a compensar essas preocupações. No geral, tudo indica que você é um bom candidato para receber crédito, mas é sempre importante manter um bom controle financeiro para manter essa classificação positiva."
24922,Adimplente,0.051473,6400,0.076016,semantic_converged,3.8531,True,person_home_ownership=0: -0.1076; loan_grade=0: -0.0993; loan_int_rate <= 7.90: -0.0714; loan_intent=0: 0.0659; 5000.00 < loan_amnt <= 8000.00: -0.0647,"[{""samples"": 6400, ""reason"": ""As top-3 features são as mesmas e os sinais são iguais nas duas explicações."", ""raw_response"": ""{\""converged\"": true, \""reason\"": \""As top-3 features são as mesmas e os sinais são iguais nas duas explicações.\"", \""top_features_match\"": true, \""direction_match\"": true, \""confidence\"": 0.85}"", ""confidence"": 0.85}]","Olá, você recebeu uma avaliação positiva de adimplência pelo nosso sistema. Isso significa que temos uma boa confiança em sua capacidade de honrar suas obrigações financeiras. No entanto, alguns fatores, como o tipo de moradia e a taxa de juros, levaram a uma ligeira preocupação. Mas o fato de que você está buscando um empréstimo para uma finalidade positiva e que o valor do empréstimo não é muito alto, ajudaram a mitigar essas preocupações. Em resumo, sua probabilidade de adimplência é de 94,9%, o que é excelente. Continue assim, você está no caminho certo!"
6012,Adimplente,0.113212,6400,0.061782,max_samples_reached,0.3252,True,0.15 < loan_percent_income <= 0.23: -0.1036; loan_grade=1: -0.1005; person_home_ownership=0: -0.0972; loan_intent=4: -0.0450; person_age <= 23.00: 0.0317,,"Olá, você foi avaliado como adimplente pelo nosso sistema, o que é ótimo! Isso significa que, com base nas informações que temos, a probabilidade de você cumprir suas obrigações financeiras é alta, com 88,7%. No entanto, alguns fatores como a proporção do empréstimo em relação à renda, a classificação do empréstimo, o tipo de moradia e a finalidade do empréstimo, embora não sejam decisivos, contribuíram um pouco para essa decisão. Mas não se preocupe, sua idade, que é um fator positivo, ajudou a equilibrar esses aspectos. Continue assim, manutenha suas finanças em ordem e continue a ser um bom pagador!"
19266,Adimplente,0.199155,1600,0.144405,semantic_converged,3.7734,True,person_home_ownership=3: 0.1755; person_income <= 39300.00: 0.1673; loan_intent=5: -0.1148; loan_amnt <= 5000.00: -0.0538; loan_percent_income <= 0.09: -0.0521,"[{""samples"": 1600, ""reason"": ""As top-3 features e os sinais das duas explicações são semelhantes, e a conclusão geral é equivalente"", ""raw_response"": ""{\""converged\"": true, \""reason\"": \""As top-3 features e os sinais das duas explicações são semelhantes, e a conclusão geral é equivalente\"", \""top_features_match\"": true, \""direction_match\"": true, \""confidence\"": 0.85}"", ""confidence"": 0.85}]","Olá! O sistema avaliou sua situação financeira e decidiu que você é adimplente. Isso significa que temos confiança em sua capacidade de honrar suas obrigações financeiras. No entanto, é importante notar que a probabilidade de inadimplência ainda é de 19,9%, indicando que ainda há um certo grau de incerteza. Isso acontece porque a finalidade do empréstimo e o valor em relação à sua renda são fatores que podem levar a algum risco. Mas, graças ao tipo de moradia e sua renda, esses riscos são mitigados. Continue a manter sua finança em ordem e acreditamos que você será capaz de manter essa classificação adimplente."
4089,Adimplente,0.279058,1600,0.187637,semantic_converged,3.8025,True,loan_intent=2: 0.1927; person_home_ownership=3: 0.1763; person_income > 80000.00: -0.1519; loan_grade=0: -0.1074; loan_int_rate <= 7.90: -0.0838,"[{""samples"": 1600, ""reason"": ""As top-3 features e os sinais das duas explicações são semelhantes, e a conclusão geral é equivalente."", ""raw_response"": ""{\""converged\"": true, \""reason\"": \""As top-3 features e os sinais das duas explicações são semelhantes, e a conclusão geral é equivalente.\"", \""top_features_match\"": true, \""direction_match\"": true, \""confidence\"": 0.85}"", ""confidence"": 0.85}]","Olá! O sistema analisou sua situação e decidiu que você é adimplente. Isso significa que temos uma boa chance de você pagar suas dívidas em tempo. No entanto, a probabilidade de inadimplência ainda é relativamente alta, com 27,9%. Isso acontece porque alguns fatores, como a sua renda e o tipo de empréstimo, têm um impacto moderado no seu perfil. Mesmo assim, a finalidade do empréstimo e o tipo de moradia contribuem positivamente para sua situação. Para melhorar ainda mais suas chances de adimplência, é importante manter uma renda estável e escolher empréstimos com termos favoráveis. Continue assim e vamos manter essa boa avaliação!"
17352,Adimplente,0.00053,6400,0.081875,max_samples_reached,0.3059,True,loan_intent=5: -0.1203; person_home_ownership=0: -0.1045; loan_grade=0: -0.0971; loan_int_rate <= 7.90: -0.0834; loan_amnt <= 5000.00: -0.0483,,"Olá, você! O sistema analisou sua situação e decidiu que você é adimplente. Isso significa que a probabilidade de você manter seu pagamento em dia é extremamente alta, com apenas 0,1% de chance de inadimplência. Isso é excelente! No entanto, alguns fatores como a finalidade do empréstimo, o tipo de moradia, a classificação do empréstimo, a taxa de juros e o valor do empréstimo contribuíram um pouco para essa decisão, indicando que essas áreas podem ter um impacto no seu pagamento. Mas não se preocupe, esses fatores são moderados e não são determinantes para a sua classificação adimplente. Continue assim, você está fazendo um ótimo trabalho!"
1356,Adimplente,0.062385,6400,0.139336,semantic_converged,3.8287,True,person_home_ownership=3: 0.1773; person_income <= 39300.00: 0.1567; loan_grade=0: -0.0930; loan_amnt <= 5000.00: -0.0547; loan_percent_income <= 0.09: -0.0465,"[{""samples"": 6400, ""reason"": ""As top-3 features e os sinais correspondem nas duas explicações"", ""raw_response"": ""{\""converged\"": true, \""reason\"": \""As top-3 features e os sinais correspondem nas duas explicações\"", \""top_features_match\"": true, \""direction_match\"": true, \""confidence\"": 0.85}"", ""confidence"": 0.85}]","Olá! O sistema analisou sua situação e decidiu que você é adimplente. Isso significa que temos confiança em sua capacidade de honrar suas obrigações financeiras. Isso é uma boa notícia! Algumas coisas que ajudaram a tomar essa decisão foram o tipo de moradia que você possui, sua renda e a classificação do seu empréstimo anterior. No entanto, o valor do empréstimo que você está pedindo e a proporção dele em relação à sua renda são fatores que levantaram algumas preocupações. Mas não se preocupe, esses fatores são apenas levemente influentes e não são suficientes para negar sua solicitação. Continue a gerir suas finanças de forma responsável, e você manterá sua adimplência em evidência."
20856,Adimplente,0.035677,6400,0.148449,semantic_converged,3.8495,True,loan_percent_income > 0.23: 0.2403; person_home_ownership=0: -0.1073; loan_amnt > 12250.00: 0.0962; loan_grade=1: -0.0714; loan_intent=4: -0.0437,"[{""samples"": 6400, ""reason"": ""As top-3 features são as mesmas e os sinais são iguais nas duas explicações"", ""raw_response"": ""{\""converged\"": true, \""reason\"": \""As top-3 features são as mesmas e os sinais são iguais nas duas explicações\"", \""top_features_match\"": true, \""direction_match\"": true, \""confidence\"": 0.8}"", ""confidence"": 0.8}]","Olá, você recebeu uma avaliação positiva pelo nosso sistema de análise de crédito, o que significa que você foi classificado como adimplente. Isso significa que a probabilidade de você manter seu pagamento em dia é de 96,4%, o que é excelente! Alguns fatores que contribuíram para essa decisão são a proporção do seu empréstimo em relação à renda, que favorece a adimplência, e o valor do empréstimo, que também tem um leve impacto positivo. No entanto, a classificação do empréstimo e a finalidade do empréstimo tiveram um efeito ligeiramente negativo, assim como o tipo de moradia. Apesar desses pontos, a sua situação geral ainda é vista de maneira positiva, e isso nos deixa confiantes em sua capacidade de manter suas obrigações financeiras. Continue assim!"
28036,Adimplente,0.003207,6400,0.168942,max_samples_reached,0.2988,True,loan_intent=2: 0.1953; person_income > 80000.00: -0.1641; loan_amnt > 12250.00: 0.1163; person_home_ownership=0: -0.1076; loan_grade=0: -0.0976,,"Olá! O sistema avaliou sua solicitação e decidiu que você é adimplente. Isso significa que temos uma probabilidade muito alta de 99,7% de você pagar suas dívidas em tempo. No entanto, alguns fatores influenciaram essa decisão. Sua renda e tipo de moradia são considerados moderadamente desfavoráveis, mas o valor do empréstimo e a finalidade do seu pedido são favoráveis. Além disso, a classificação do seu empréstimo é levemente desfavorável. Apesar desses pontos, a probabilidade de inadimplência é apenas 0,3%, o que é muito baixo. Isso mostra que, mesmo com alguns desafios, você tem uma grande chance de manter sua situação financeira saudável. Continue a gerenciar bem suas finanças e cumprir com seus compromissos para manter essa probabilidade tão baixa."
26145,Default,0.993811,6400,0.201892,semantic_converged,3.932,True,loan_percent_income > 0.23: 0.2390; person_home_ownership=3: 0.1806; loan_amnt > 12250.00: 0.1214; loan_grade=1: -0.0839; loan_intent=4: -0.0319,"[{""samples"": 6400, ""reason"": ""As top-3 features são as mesmas e os sinais são iguais em ambas as explicações."", ""raw_response"": ""{\""converged\"": true, \""reason\"": \""As top-3 features são as mesmas e os sinais são iguais em ambas as explicações.\"", \""top_features_match\"": true, \""direction_match\"": true, \""confidence\"": 0.8}"", ""confidence"": 0.8}]","Entendo que a decisão do sistema de análise de crédito foi considerar que você tem um risco muito alto de inadimplência, com uma probabilidade de 99,4% de não pagar as parcelas do empréstimo. No entanto, alguns fatores positivos foram levados em consideração: a proporção do empréstimo em relação à sua renda, o tipo de moradia e o valor do empréstimo parecem favorecer a sua capacidade de adimplir. Infelizmente, a classificação do empréstimo e a finalidade do empréstimo levaram a uma leve desvantagem para a sua situação. Apesar disso, é importante que você entenda que mesmo com esses fatores positivos, o risco ainda é muito alto. Isso é para garantir que você tenha todas as informações antes de tomar uma decisão."
18852,Adimplente,0.018103,3200,0.112771,semantic_converged,3.9938,True,person_income <= 39300.00: 0.1549; loan_grade=0: -0.1114; person_home_ownership=0: -0.0984; loan_int_rate <= 7.90: -0.0814; loan_intent=3: 0.0700,"[{""samples"": 3200, ""reason"": ""As top-3 features e os sinais das duas explicações são semelhantes, e a conclusão geral é adimplente em ambas."", ""raw_response"": ""{\""converged\"": true, \""reason\"": \""As top-3 features e os sinais das duas explicações são semelhantes, e a conclusão geral é adimplente em ambas.\"", \""top_features_match\"": true, \""direction_match\"": true, \""confidence\"": 0.8}"", ""confidence"": 0.8}]","A sua decisão de crédito foi avaliada como adimplente, o que é ótimo! Isso significa que o nosso sistema acredita que você tem uma probabilidade muito alta de honrar suas obrigações financeiras, com apenas 1,8% de chance de inadimplência. Isso é excelente! Entretanto, algumas das informações que ajudaram a formar essa decisão merecem destaque. A sua renda é moderadamente favorável para a adimplência, o que é positivo. No entanto, a classificação do seu empréstimo anterior e o tipo de moradia contribuíram de forma moderada para o risco, assim como a taxa de juros. Por outro lado, a finalidade do empréstimo que você está buscando contribuiu de forma leve para a adimplência, o que é uma boa notícia. Em geral, esses fatores juntos ajudaram a formar a decisão positiva para você. Continue assim e continue a cuidar bem do seu crédito!"
24148,Adimplente,0.055777,6400,0.163582,max_samples_reached,0.2654,True,loan_percent_income > 0.23: 0.2291; person_home_ownership=0: -0.1283; loan_grade=0: -0.1111; loan_amnt > 12250.00: 0.0941; loan_int_rate <= 7.90: -0.0637,,"A sua decisão de crédito foi avaliada como adimplente, com uma probabilidade de 94,4% de você manter essa situação. Isso significa que, com base nas informações que fornecemos ao sistema, as chances de você honrar suas obrigações financeiras são muito altas. As principais características do seu perfil, como a proporção do empréstimo em relação à renda e o valor do empréstimo, contribuíram positivamente para essa avaliação. No entanto, o tipo de moradia e a classificação do empréstimo levaram a uma leve desvantagem. É importante continuar a gerir bem suas finanças e manter uma boa relação com o crédito para manter essa probabilidade tão alta."
17848,Adimplente,0.02591,6400,0.081418,semantic_converged,3.8413,True,person_income > 80000.00: -0.1537; person_home_ownership=0: -0.0993; loan_intent=0: 0.0541; 5000.00 < loan_amnt <= 8000.00: -0.0530; loan_percent_income <= 0.09: -0.0440,"[{""samples"": 6400, ""reason"": ""As top-3 features e os sinais são iguais e a conclusão geral é equivalente"", ""raw_response"": ""{\""converged\"": true, \""reason\"": \""As top-3 features e os sinais são iguais e a conclusão geral é equivalente\"", \""top_features_match\"": true, \""direction_match\"": true, \""confidence\"": 0.9}"", ""confidence"": 0.9}]","Olá! O sistema analisou sua situação financeira e decidiu que você é adimplente. Isso significa que temos confiança em sua capacidade de honrar suas obrigações financeiras. No entanto, alguns fatores como sua renda e a proporção do empréstimo em relação à renda podem levar a um pouco mais de cautela. Felizmente, a finalidade do empréstimo e o tipo de moradia contribuíram positivamente para sua avaliação. Lembre-se, mesmo com esses fatores levemente desfavoráveis, sua probabilidade de adimplência ainda é muito alta, com 97,4%. Continue a manter suas finanças em ordem, e vamos garantir que essa decisão permaneça positiva."
9635,Adimplente,0.057808,6400,0.146527,max_samples_reached,0.3264,True,loan_percent_income > 0.23: 0.2321; person_home_ownership=0: -0.1098; loan_amnt > 12250.00: 0.0965; loan_grade=1: -0.0793; loan_intent=1: -0.0514,,"Olá, você foi avaliado como adimplente pelo nosso sistema, o que significa que temos confiança em sua capacidade de honrar seus compromissos financeiros. Isso é uma ótima notícia! As principais características do seu perfil contribuíram positivamente para essa decisão. Sua renda é suficiente para cobrir o empréstimo, o que favorece a adimplência. Além disso, a classificação do seu empréstimo anterior também te ajudou, pois demonstra que você tem experiência em gerenciar bem suas finanças. No entanto, o tipo de moradia e a finalidade do empréstimo tiveram um efeito ligeiramente negativo, mas não foram suficientes para alterar a sua classificação. Continue assim, você está no caminho certo para manter sua boa reputação financeira!"
29163,Adimplente,0.074112,3200,0.22921,semantic_converged,3.6833,True,loan_grade=3: 0.3088; loan_intent=2: 0.1972; person_income > 80000.00: -0.1571; loan_amnt > 12250.00: 0.1080; person_home_ownership=0: -0.1016,"[{""samples"": 3200, ""reason"": ""As top-3 features, sinais e conclusão geral são equivalentes"", ""raw_response"": ""{\""converged\"": true, \""reason\"": \""As top-3 features, sinais e conclusão geral são equivalentes\"", \""top_features_match\"": true, \""direction_match\"": true, \""confidence\"": 0.9}"", ""confidence"": 0.9}]","Olá, você foi avaliado como adimplente pelo nosso sistema, o que significa que temos confiança em sua capacidade de honrar suas obrigações financeiras. Isso é uma boa notícia! A probabilidade de você inadimplir é de apenas 7,4%, o que é bastante baixo. No entanto, alguns fatores como sua renda e o tipo de moradia contribuíram um pouco para essa decisão. Mesmo assim, a classificação do seu empréstimo e a finalidade do mesmo ajudaram a melhorar a sua pontuação. Isso mostra que, apesar de alguns desafios, você tem as ferramentas necessárias para manter uma boa relação com o crédito. Continue assim e mantenha-se atento às suas finanças!"
18985,Adimplente,0.019549,6400,0.160223,semantic_converged,3.829,True,person_home_ownership=3: 0.1812; person_income > 80000.00: -0.1661; loan_amnt > 12250.00: 0.1058; loan_grade=0: -0.0916; 0.09 < loan_percent_income <= 0.15: -0.0833,"[{""samples"": 6400, ""reason"": ""As top-3 features, sinais e conclusão geral são equivalentes"", ""raw_response"": ""{\""converged\"": true, \""reason\"": \""As top-3 features, sinais e conclusão geral são equivalentes\"", \""top_features_match\"": true, \""direction_match\"": true, \""confidence\"": 0.9}"", ""confidence"": 0.9}]","Olá! O sistema analisou sua situação e decidiu que você é adimplente. Isso significa que a probabilidade de você cumprir com suas obrigações financeiras é muito alta, com apenas 2% de chance de inadimplência. Isso é excelente! Algumas coisas que ajudaram a chegar a essa decisão foram o tipo de moradia que você possui, que tende a favorecer a regularidade nas parcelas; o valor do empréstimo, que também ajuda a manter a probabilidade baixa; e a classificação do empréstimo, que, embora leve um pouco de peso, ainda não é suficiente para mudar a decisão positiva. No entanto, a renda e a proporção do empréstimo em relação à renda foram consideradas, mas ainda assim não foram o suficiente para alterar a classificação adimplente. Parabéns pelo seu bom desempenho financeiro!"
7263,Adimplente,0.000426,6400,0.170868,max_samples_reached,0.3203,True,person_home_ownership=3: 0.1841; person_income > 80000.00: -0.1606; loan_intent=5: -0.1267; loan_int_rate <= 7.90: -0.0898; loan_grade=0: -0.0819,,"Olá, você foi avaliado como adimplente pelo nosso sistema, o que significa que temos confiança em sua capacidade de honrar suas obrigações financeiras. Isso é uma ótima notícia! No entanto, algumas das informações que consideramos na análise sugerem que há alguns fatores que podem influenciar positivamente ou negativamente sua situação financeira. A sua renda e o propósito do empréstimo são considerados moderadamente prejudiciais, o que significa que eles podem levar a um aumento no risco de inadimplência. Além disso, a taxa de juros e a classificação do empréstimo também são levemente prejudiciais. Apesar disso, esses fatores são moderados e não alteram nossa decisão final de considerar você adimplente. Continue a gerenciar suas finanças de forma responsável, e vamos continuar a monitorar sua situação para garantir que você continue sendo avaliado positivamente."
3944,Adimplente,0.02639,3200,0.094133,semantic_converged,3.8287,True,person_home_ownership=3: 0.1629; loan_grade=0: -0.0958; loan_int_rate <= 7.90: -0.0763; loan_intent=0: 0.0609; loan_percent_income <= 0.09: -0.0343,"[{""samples"": 3200, ""reason"": ""As top-3 features e os sinais são iguais nas duas explicações, e a conclusão geral é equivalente"", ""raw_response"": ""{\""converged\"": true, \""reason\"": \""As top-3 features e os sinais são iguais nas duas explicações, e a conclusão geral é equivalente\"", \""top_features_match\"": true, \""direction_match\"": true, \""confidence\"": 0.85}"", ""confidence"": 0.85}]","Olá, você foi avaliado como adimplente pelo nosso sistema, o que significa que temos confiança em sua capacidade de honrar suas obrigações financeiras. Isso é uma ótima notícia! Alguns fatores que contribuíram para essa decisão são a sua moradia, que tende a favorecer a regularidade nas parcelas, e o uso do empréstimo para finalidades que também ajudam a manter a regularidade. No entanto, a classificação do seu empréstimo, a taxa de juros e a proporção do empréstimo em relação à sua renda, embora não sejam favoráveis, não são suficientemente negativos para alterar a nossa decisão positiva. Continue assim, você está no caminho certo para manter sua boa reputação financeira!"
10447,Default,0.994176,800,0.275624,semantic_converged,3.7065,True,loan_percent_income > 0.23: 0.2730; person_home_ownership=3: 0.2032; person_income <= 39300.00: 0.1383; loan_grade=0: -0.1027; loan_intent=0: 0.0752,"[{""samples"": 800, ""reason"": ""As top-3 features são as mesmas e os sinais são iguais nas duas explicações"", ""raw_response"": ""{\""converged\"": true, \""reason\"": \""As top-3 features são as mesmas e os sinais são iguais nas duas explicações\"", \""top_features_match\"": true, \""direction_match\"": true, \""confidence\"": 0.8}"", ""confidence"": 0.8}]","Olá, você. O sistema avaliou seu perfil e decidiu que há um risco muito alto de inadimplência, com uma probabilidade de 99,4% de não pagar suas dívidas em tempo. Isso é basicamente porque, embora sua renda e a natureza da sua moradia ajudem a favorecer a adimplência, o tipo de empréstimo que você pegou e sua classificação do empréstimo estão pesando muito contra você. Mesmo assim, algumas das suas outras características, como a proporção do empréstimo em relação à sua renda e a finalidade do empréstimo, ainda oferecem alguns pontos positivos. No entanto, a decisão final do sistema foi que o risco é muito alto, e isso é o que levou ao resultado de ""Default""."
26570,Adimplente,0.078422,6400,0.14002,max_samples_reached,0.3157,True,loan_intent=2: 0.1890; person_income > 80000.00: -0.1644; person_home_ownership=0: -0.1011; 0.15 < loan_percent_income <= 0.23: -0.0971; loan_amnt > 12250.00: 0.0935,,"Olá! O sistema analisou sua situação e decidiu que você é adimplente. Isso significa que temos confiança em sua capacidade de pagar suas dívidas em tempo. No entanto, alguns fatores influenciaram essa decisão. Sua renda e tipo de moradia, por exemplo, indicam um pouco mais de risco, mas a finalidade do empréstimo e o valor do mesmo ajudaram a equilibrar isso. Em resumo, a probabilidade de você cumprir suas obrigações financeiras é alta, com 92,2% de chances. Estamos confiantes em você, mas é sempre importante manter suas finanças em ordem para manter essa boa avaliação."
18245,Default,0.994981,6400,0.178436,semantic_converged,3.9325,True,loan_percent_income > 0.23: 0.2292; person_home_ownership=3: 0.1759; loan_grade=1: -0.0885; loan_amnt > 12250.00: 0.0858; loan_intent=3: 0.0449,"[{""samples"": 6400, ""reason"": ""As top-3 features e os sinais são iguais nas duas explicações e a conclusão geral é equivalente"", ""raw_response"": ""{\""converged\"": true, \""reason\"": \""As top-3 features e os sinais são iguais nas duas explicações e a conclusão geral é equivalente\"", \""top_features_match\"": true, \""direction_match\"": true, \""confidence\"": 0.9}"", ""confidence"": 0.9}]","Entendo que a decisão do sistema de análise de crédito pode parecer desafiadora para você. No entanto, a probabilidade de inadimplência é de 99,5%, o que significa que, de acordo com os dados analisados, há um alto risco de você não poder honrar suas parcelas futuras. Isso é influenciado principalmente pelo alto valor do empréstimo em relação à sua renda, que pesa contra a adimplência. Apesar disso, outros fatores como o tipo de moradia e a finalidade do empréstimo contribuem positivamente para a sua situação. Infelizmente, mesmo esses fatores positivos não são suficientes para compensar o risco alto. É importante conversar com um consultor financeiro para discutir alternativas que possam melhorar sua situação financeira e ajudar a reduzir esse risco."
23571,Adimplente,0.016753,6400,0.081067,max_samples_reached,0.3151,True,person_home_ownership=0: -0.1200; loan_int_rate <= 7.90: -0.0969; loan_grade=0: -0.0891; 0.09 < loan_percent_income <= 0.15: -0.0767; 5000.00 < loan_amnt <= 8000.00: -0.0496,,"Olá, você foi avaliado como adimplente pelo nosso sistema, o que significa que temos confiança em sua capacidade de honrar suas obrigações financeiras. No entanto, alguns fatores como o tipo de moradia, a taxa de juros do seu empréstimo, a classificação do seu empréstimo anterior, a proporção do empréstimo em relação à sua renda e o valor do empréstimo em si, contribuíram para uma ligeira preocupação. Embora esses fatores tenham um impacto moderado, eles não são determinantes para a sua classificação atual. Continue a manter suas finanças em ordem e esses fatores podem melhorar com o tempo, fortalecendo ainda mais sua posição financeira."
28224,Adimplente,0.010769,6400,0.204306,max_samples_reached,0.322,True,loan_percent_income > 0.23: 0.2335; person_income > 80000.00: -0.1626; person_home_ownership=0: -0.1271; loan_grade=0: -0.1001; loan_amnt > 12250.00: 0.0945,,"Olá! O sistema avaliou sua situação financeira e decidiu que você é adimplente. Isso significa que a probabilidade de você cumprir com suas obrigações financeiras é muito alta, com apenas 1.1% de chance de inadimplência. Isso é excelente! Algumas coisas que ajudaram a chegar a essa decisão são a proporção do seu empréstimo em relação à renda, que favorece a adimplência. No entanto, a sua renda, tipo de moradia e classificação do empréstimo contribuíram de forma moderada para a probabilidade de inadimplência. Mas felizmente, o valor do seu empréstimo contribuiu levemente para a adimplência. Continue assim, você está no caminho certo para manter uma boa relação com o crédito!"
8776,Adimplente,0.004677,6400,0.081953,max_samples_reached,0.332,True,person_home_ownership=0: -0.1263; loan_grade=0: -0.1002; loan_int_rate <= 7.90: -0.0792; 0.09 < loan_percent_income <= 0.15: -0.0786; loan_intent=0: 0.0646,,"Olá! O sistema analisou sua situação financeira e decidiu que você é adimplente. Isso significa que sua probabilidade de pagar suas dívidas em tempo é muito alta, com apenas 0,5% de chance de inadimplência. Isso é excelente! Entretanto, alguns fatores como o tipo de moradia, a classificação do seu empréstimo e a proporção do empréstimo em relação à sua renda, que podem ser considerados um pouco mais caros ou arriscados, contribuíram um pouco para essa decisão. No entanto, a finalidade do empréstimo que você escolheu favoreceu a sua situação, ajudando a melhorar a sua probabilidade de adimplência. Continue assim, você está no caminho certo para manter sua boa reputação financeira!"
31340,Adimplente,0.003252,6400,0.096862,semantic_converged,3.9045,True,person_income > 80000.00: -0.1522; person_home_ownership=0: -0.1088; loan_grade=0: -0.0875; loan_int_rate <= 7.90: -0.0693; 5000.00 < loan_amnt <= 8000.00: -0.0567,"[{""samples"": 6400, ""reason"": ""As top-3 features são as mesmas e os sinais são iguais nas duas explicações"", ""raw_response"": ""{\""converged\"": true, \""reason\"": \""As top-3 features são as mesmas e os sinais são iguais nas duas explicações\"", \""top_features_match\"": true, \""direction_match\"": true, \""confidence\"": 0.85}"", ""confidence"": 0.85}]","Olá! O sistema analisou sua situação financeira e decidiu que você é adimplente. Isso significa que a probabilidade de você manter seu pagamento em dia é muito alta, com apenas 0,3% de chance de inadimplência. No entanto, alguns fatores como sua renda, tipo de moradia, classificação do empréstimo, taxa de juros e valor do empréstimo contribuíram moderadamente para a decisão, indicando que essas áreas podem ser um pouco mais desafiadoras para a sua adimplência. Mas não se preocupe, com um pouco de cuidado e planejamento, você pode manter tudo em dia e manter essa classificação adimplente. Continue assim!"
19455,Default,0.987147,3200,0.207525,semantic_converged,3.881,True,loan_grade=3: 0.3173; person_home_ownership=3: 0.1799; loan_int_rate > 13.48: 0.1055; loan_amnt <= 5000.00: -0.0662; person_emp_length <= 2.00: 0.0459,"[{""samples"": 3200, ""reason"": ""As top-3 features e os sinais são iguais nas duas explicações, e a conclusão geral é equivalente."", ""raw_response"": ""{\""converged\"": true, \""reason\"": \""As top-3 features e os sinais são iguais nas duas explicações, e a conclusão geral é equivalente.\"", \""top_features_match\"": true, \""direction_match\"": true, \""confidence\"": 0.9}"", ""confidence"": 0.9}]","Sua decisão de crédito foi avaliada como ""Default"", o que significa que o sistema considera que há uma alta probabilidade de você não poder honrar suas obrigações financeiras. Isso é baseado principalmente na probabilidade de inadimplência de 98,7%, o que é quase certo. No entanto, alguns fatores contribuíram para essa decisão. Sua classificação de empréstimo, tipo de moradia e taxa de juros estão a favor da adimplência, o que é bom. O valor do empréstimo e o tempo de emprego, embora tenham influenciado positivamente, não foram suficientes para alterar a decisão. É importante que você considere esses pontos e busque formas de melhorar sua situação financeira para evitar problemas no futuro."
7010,Adimplente,0.06138,6400,0.072061,semantic_converged,3.8006,True,person_home_ownership=0: -0.1189; loan_grade=0: -0.0966; loan_int_rate <= 7.90: -0.0871; 39300.00 < person_income <= 55560.00: 0.0382; loan_amnt <= 5000.00: -0.0377,"[{""samples"": 6400, ""reason"": ""As top-3 features e os sinais correspondem nas duas explicações"", ""raw_response"": ""{\""converged\"": true, \""reason\"": \""As top-3 features e os sinais correspondem nas duas explicações\"", \""top_features_match\"": true, \""direction_match\"": true, \""confidence\"": 0.85}"", ""confidence"": 0.85}]","Olá, você recebeu uma avaliação positiva do nosso sistema de análise de crédito, classificando você como adimplente. Isso significa que temos uma probabilidade alta de 93,9% de acreditar que você pagará suas dívidas em tempo. No entanto, alguns fatores como o tipo de moradia, a classificação do empréstimo e a taxa de juros, que são considerados um pouco prejudiciais, estão levemente influenciando essa decisão. Mas a boa notícia é que sua renda está sendo vista como um fator positivo, ajudando a equilibrar esses aspectos. O valor do empréstimo também é considerado um pouco prejudicial, mas a combinação de todos esses fatores resultou em uma decisão adimplente. Continue assim, e vamos continuar monitorando sua situação para garantir que você mantenha essa classificação positiva."
28666,Adimplente,0.002718,6400,0.095623,max_samples_reached,0.3149,True,loan_intent=5: -0.1277; person_home_ownership=0: -0.1149; 0.15 < loan_percent_income <= 0.23: -0.1060; loan_grade=1: -0.0797; loan_amnt > 12250.00: 0.0758,,"Você foi avaliado como adimplente, o que significa que o sistema acredita que você tem uma boa probabilidade de pagar suas dívidas em tempo. Isso é excelente! No entanto, alguns fatores influenciaram essa decisão. O motivo do empréstimo, o tipo de moradia e a proporção do empréstimo em relação à sua renda foram considerados como fatores que podem levar a dificuldades de pagamento. Além disso, a classificação do empréstimo também foi um ponto a ser considerado. Por outro lado, o valor do empréstimo foi visto como um fator positivo. Apesar desses pontos, a probabilidade de você não pagar suas dívidas é muito baixa, apenas 0,3%. Isso mostra que você tem uma boa chance de manter uma boa relação com o banco e manter seu crédito em bom estado."
22570,Adimplente,0.024155,3200,0.081737,semantic_converged,3.7119,True,person_home_ownership=0: -0.1123; 0.15 < loan_percent_income <= 0.23: -0.0989; loan_grade=0: -0.0926; loan_int_rate <= 7.90: -0.0710; loan_intent=3: 0.0675,"[{""samples"": 3200, ""reason"": ""As top-3 features e os sinais de cada feature são iguais, e a conclusão geral é equivalente"", ""raw_response"": ""{\""converged\"": true, \""reason\"": \""As top-3 features e os sinais de cada feature são iguais, e a conclusão geral é equivalente\"", \""top_features_match\"": true, \""direction_match\"": true, \""confidence\"": 0.8}"", ""confidence"": 0.8}]","Olá, você! O sistema analisou sua situação financeira e decidiu que você é adimplente. Isso significa que a probabilidade de você manter suas parcelas em dia é alta, com apenas 2,4% de chance de inadimplência. Isso é ótimo! Entretanto, alguns fatores como o tipo de moradia, a proporção do empréstimo em relação à renda, a classificação do empréstimo e a taxa de juros, embora não sejam favoráveis, não são suficientemente negativos para comprometer sua adimplência. Por outro lado, a finalidade do empréstimo ligeiramente favorece a sua situação. Continue a gerir bem suas finanças e mantenha-se atento a esses detalhes, e você manterá sua adimplência em bom estado."
27310,Adimplente,0.182092,6400,0.20502,semantic_converged,3.8259,True,loan_grade=3: 0.3249; loan_intent=2: 0.1632; person_income > 80000.00: -0.1521; person_home_ownership=0: -0.1166; loan_int_rate > 13.48: 0.0918,"[{""samples"": 6400, ""reason"": ""As top-3 features, sinais e conclusão geral são semelhantes nas duas explicações."", ""raw_response"": ""{\""converged\"": true, \""reason\"": \""As top-3 features, sinais e conclusão geral são semelhantes nas duas explicações.\"", \""top_features_match\"": true, \""direction_match\"": true, \""confidence\"": 0.85}"", ""confidence"": 0.85}]","A sua decisão de crédito foi avaliada como adimplente, o que é ótimo! Isso significa que o sistema acredita que você tem uma boa probabilidade de pagar suas dívidas em tempo. No entanto, é importante notar que alguns fatores influenciaram essa decisão. Sua renda e o tipo de moradia são considerados moderadamente prejudiciais, o que significa que eles levantaram algumas preocupações sobre a sua capacidade de manter as parcelas em dia. No entanto, a classificação do seu empréstimo e a finalidade do empréstimo contribuíram positivamente para a sua aprovação. Além disso, a taxa de juros levemente favorável também ajudou. Com esses pontos em mente, é importante continuar a gerir bem a sua renda e moradia para manter uma boa relação com o seu crédito. Parabéns por essa decisão!"
31236,Adimplente,0.004886,6400,0.135853,max_samples_reached,0.3402,True,loan_intent=2: 0.1839; person_income > 80000.00: -0.1575; person_home_ownership=0: -0.1142; loan_grade=0: -0.0933; 0.09 < loan_percent_income <= 0.15: -0.0777,,"Olá, você foi avaliado como adimplente pelo nosso sistema, o que significa que temos confiança em sua capacidade de honrar suas obrigações financeiras. Isso é uma ótima notícia! No entanto, é importante notar que alguns fatores, como a finalidade do empréstimo e a proporção do empréstimo em relação à sua renda, levaram a uma pequena preocupação. Embora a sua renda e o tipo de moradia tenham apresentado um desafio, a finalidade do empréstimo contribuiu positivamente para a sua avaliação. Continue a gerenciar suas finanças de forma responsável e esses fatores podem melhorar ainda mais no futuro."
19411,Adimplente,0.017464,3200,0.15486,semantic_converged,3.9239,True,person_income <= 39300.00: 0.1762; person_home_ownership=3: 0.1628; loan_grade=0: -0.1070; loan_int_rate <= 7.90: -0.0799; loan_intent=1: -0.0728,"[{""samples"": 3200, ""reason"": ""As top-3 features e os sinais são iguais nas duas explicações, e a conclusão geral é equivalente"", ""raw_response"": ""{\""converged\"": true, \""reason\"": \""As top-3 features e os sinais são iguais nas duas explicações, e a conclusão geral é equivalente\"", \""top_features_match\"": true, \""direction_match\"": true, \""confidence\"": 0.9}"", ""confidence"": 0.9}]","Olá! O sistema analisou sua situação e decidiu que você é adimplente. Isso significa que a probabilidade de você cumprir com suas obrigações financeiras é alta, com 98,3%. Isso é ótimo! Sua renda e o tipo de moradia contribuíram positivamente para essa decisão, pois indicam uma boa capacidade de pagamento. No entanto, a classificação do seu empréstimo anterior e a finalidade do novo empréstimo levaram a um leve desconto na sua probabilidade de adimplência. Mas não se preocupe, esses fatores não são tão significativos quanto os pontos positivos. Continue a gerir bem suas finanças e mantenha uma boa renda para manter essa classificação adimplente."
7831,Adimplente,0.016998,800,0.097578,semantic_converged,3.7861,True,person_home_ownership=0: -0.1230; loan_int_rate <= 7.90: -0.1161; 0.09 < loan_percent_income <= 0.15: -0.0957; loan_intent=0: 0.0722; 5000.00 < loan_amnt <= 8000.00: -0.0693,"[{""samples"": 800, ""reason"": ""As top-3 features e os sinais correspondem nas duas explicações, e a conclusão geral é a mesma."", ""raw_response"": ""{\""converged\"": true, \""reason\"": \""As top-3 features e os sinais correspondem nas duas explicações, e a conclusão geral é a mesma.\"", \""top_features_match\"": true, \""direction_match\"": true, \""confidence\"": 0.9}"", ""confidence"": 0.9}]","Olá, você foi avaliado como adimplente pelo nosso sistema, o que significa que temos confiança em sua capacidade de pagar suas dívidas em tempo. Isso é uma boa notícia! No entanto, algumas das informações que consideramos durante a análise indicam que você está em uma posição moderadamente confortável, mas não totalmente segura. Por exemplo, a taxa de juros e o valor do empréstimo que você está considerando podem aumentar o risco de inadimplência. No entanto, a finalidade do empréstimo e a proporção do empréstimo em relação à sua renda estão em um nível que favorece a adimplência. Continue a gerenciar suas finanças de forma responsável e esses fatores podem continuar a melhorar sua situação financeira."
26034,Adimplente,0.031238,6400,0.116316,max_samples_reached,0.3339,True,person_home_ownership=3: 0.1847; 0.15 < loan_percent_income <= 0.23: -0.0960; loan_amnt > 12250.00: 0.0871; loan_grade=1: -0.0849; loan_intent=0: 0.0527,,"A sua decisão de crédito foi considerada adimplente, o que significa que o sistema acredita que você tem uma boa probabilidade de pagar suas dívidas em tempo. Isso é influenciado por vários fatores. O tipo de moradia que você tem, por exemplo, tende a favorecer a adimplência, o que é positivo. No entanto, a proporção do empréstimo em relação à sua renda e a classificação do empréstimo são levemente preocupantes, mas ainda assim não são suficientemente graves para alterar a decisão final. Além disso, o valor do empréstimo e a finalidade do empréstimo também contribuíram positivamente para a sua aprovação. Em geral, esses fatores juntos indicam que você tem uma probabilidade muito alta de adimplência, de 96,9%. Continue assim e mantenha suas finanças em ordem para manter essa boa avaliação."
14739,Adimplente,0.070124,3200,0.208276,semantic_converged,3.9022,True,loan_grade=5: 0.2568; loan_percent_income > 0.23: 0.2184; person_income > 80000.00: -0.1479; loan_intent=5: -0.1398; person_home_ownership=0: -0.1359,"[{""samples"": 3200, ""reason"": ""As top-3 features e os sinais são iguais nas duas explicações, e a conclusão geral é equivalente."", ""raw_response"": ""{\""converged\"": true, \""reason\"": \""As top-3 features e os sinais são iguais nas duas explicações, e a conclusão geral é equivalente.\"", \""top_features_match\"": true, \""direction_match\"": true, \""confidence\"": 0.85}"", ""confidence"": 0.85}]","A sua decisão de crédito foi avaliada como adimplente, com uma probabilidade de 93% de você cumprir suas obrigações financeiras. Isso é muito bom! O fato de você ter uma classificação de empréstimo favorável e uma proporção de empréstimo em relação à renda muito boa contribuiu positivamente para a sua avaliação. No entanto, a sua renda, a finalidade do empréstimo e o tipo de moradia apresentaram alguns desafios, mas a boa notícia é que esses fatores não foram suficientemente fortes para alterar a sua classificação final. Continue mantendo uma renda estável, escolha empréstimos com finalidades que sejam vantajosas para o seu orçamento e considere a possibilidade de melhorar a sua moradia para manter essa classificação adimplente. Parabéns pela sua boa avaliação!"
